Workbook
Name Season: #REF!
Name Print_SpinFrom: #REF!
Name Print_SpinFrom: #REF!
Name Print_SpinFrom: #REF!
Name Season: #REF!
Name JK_s_Col_Name: #REF!
Name Division: #REF!
Name JK_s_Col_Name: #REF!
Name Print_SpinFrom: #REF!
Name Division: #REF!
Name JK_s_Col_Name: #REF!
Name Season: #REF!
Name Season: #REF!
Name Season: #REF!
Name Print_RangeChange: #REF!
Name Division: #REF!
Name Print_RangeChange: #REF!
Name Print_SpinFrom: #REF!
Name JK_s_Col: #REF!
Name Division: #REF!
Name Print_RangeChange: #REF!
Name JK_s_Col: #REF!
Name JK_s_Col: #REF!
Name Print_RangeChange: #REF!
Name Print_RangeChange: #REF!
Name JK_s_Col: #REF!
Name JK_s_Col: #REF!
Name Division: #REF!
Name Print_SpinFrom: #REF!
Name JK_s_Col_Name: #REF!
Name Season: #REF!
Name JK_s_Col_Name: #REF!
Name JK_s_Col_Name: #REF!
Name Division: #REF!
Name Print_RangeChange: #REF!
Name JK_s_Col: #REF!

Sheet COVER
A1: Fitz Roy Patagonia SL | D1: COVER
A3: STYLE REFERENCE: | D3: CALENDAR:
A4: NAME: | B4: Poncho Andino | D4: ITEM | E4: IN-HOUSE | F4: Attention:
A5: SEASON: | B5: AW 25/26 | D5: Lab Dips | F5: =C9
A6: VENDOR: | D6: Knitdowns | F6: =C9
A7: COO: | D7: Protos | F7: =C9
A8: CREATED BY: | B8: Carolyn Chandler | D8: Swing tickets | F8: =C9
A9: DATE SENT: | B9: 45756 | D9: Sales Samples | F9: =C9
D10: Bulk Delivery Landed | F10: =C9
A12: Front Side Back
A13: REVISIONS
A14: DATE | B14: NAME | C14: TAB | D14: DESCRIPTION

Sheet SKETCHES
A1: =COVER!A1 -> Fitz Roy Patagonia SL | D1: Tech Sketches
A3: FLAT SKETCH
A6: DETAIL SKETCH
A10: CODE | B10: DESCRIPTION | F10: MEASUREMENT
A11: A
A12: B
A13: C

Sheet LABELLING
A1: =COVER!A1 -> Fitz Roy Patagonia SL | D1: Labelling
E2: Your Brand
A3: Branding and Care Label
A6: REf | B6: DESCRIPTION | F6: MEASUREMENT

Sheet ARTWORK
A1: =COVER!A1 -> Fitz Roy Patagonia SL | D1: Artwork
A3: Artwork scale

Sheet COLOURWAYS
A1: =SKETCHES!A1:C1 -> Fitz Roy Patagonia SL | F1: COLOURWAYS
A3: Colourway 1 | D3: Colourway 2
C6: Yarn 1 | D6: Yarn 2 | E6: Yarn 3 | F6: Yarn 4
A7: Colourway 1 | B7: Colour | C7: Off white | D7: Red | E7: Mustard | F7: Brown
B8: Colour hex code | C8: f7ece0 | D8: af230d | E8: db933a | F8: 3a1e18
A9: Colour image
A10: Colourway 2 | B10: Colour | C10: Black | D10: Red | E10: Mustard | F10: Off white
B11: Colour hex code | C11: / | D11: af230d | E11: db933a | F11: f7ece0

Sheet BOM
A1: =SKETCHES!A1:C1 -> Fitz Roy Patagonia SL | F1: BOM
A3: YARNS
A4: TYPE | B4: SUPPLIER | C4: REF. # | D4: DESC. | E4: Yarn Count | F4: Composition | G4: Guage | H4: Ply | I4: Finishes | J4: Colour
A5: Yarn | B5: TBC based on Factory location and preferences | D5: Woolen blend yarn | E5: 2/14nm | F5: 50%Merino wool 50%Alpaca | G5: 7gg | H5: 2 | J5: Off white
A6: Yarn | D6: Woolen blend yarn | E6: 2/14nm | F6: 50%Merino wool 50%Alpaca | G6: 7gg | H6: 2 | J6: Red
A7: Yarn | D7: Woolen blend yarn | E7: 2/14nm | F7: 50%Merino wool 50%Alpaca | G7: 7gg | H7: 2 | J7: Mustard
A8: Yarn | D8: Woolen blend yarn | E8: 2/14nm | F8: 50%Merino wool 50%Alpaca | G8: 7gg | H8: 2 | J8: Brown
A9: TRIMS
A10: TYPE | B10: SUPPLIER | C10: REF. # | D10: DESC. | E10: SIZE | F10: PLACEMENT | I10: COLOUR | J10: IMAGE
A11: Pom Pom | B11: Factory to make it. | C11: / | D11: Pom Pom made of self yarn, moderate density. | E11: 4cm | F11: 2- 1 at each end of the neck ties | I11: Mixed Red, Mustard, Brown,off-white self yarn
A12: Embroidery | B12: factory supplier | C12: tbc | D12: embroidery thread | E12: TBC
A13: LABELS/HANGTAGS | I13: COLORWAYS
A14: TYPE | B14: SUPPLIER | C14: REF. # | D14: DESC. | E14: PLACEMENT | G14: QTY | H14: SIZE
A15: Brand Label | B15: Your nominated | D15: tbc | E15: Inside the garment, at the CB Neck. | G15: 1 | H15: TBC | I15: TBC
A16: Care Label | B16: Your nominated | D16: tbc | E16: At side seam, left side as worn. | G16: 1 | H16: TBC | I16: white label with black and red text
A17: Swing ticket ?

Sheet GRADED SPEC
A1: =SKETCHES!A1:C1 -> Fitz Roy Patagonia SL | E1: GRADED SPEC
D3: cm
A4: Code (SEE MSMNT GUIDE) | B4: POM Description | C4: TOL+/- | D4: one size
A5: BODY
A6: A | B6: Front Length (crown to edge) | D6: 20
A7: B | B7: Length at side (Crown to edge of flap) | D7: 28
A8: C | B8: Width at widest point | D8: 27
A9: D | B9: width at front | D9: 11
A10: E | B10: Width at back | D10: 12
A11: F | B11: Width of ear flaps | D11: 9
A12: G | B12: Length of braids | D12: 18
A13: H | B13: diametre of pom pom | D13: 6
A14: I | B14: Depth of trim on hat edge | D14: 2
A15: J
A16: K
A17: L
A18: M
A19: N
A20: O
A21: P
A22: Q
A23: R
A24: S
A25: T
A26: U
A27: V

Sheet POINTS OF MEASURE
A1: =SKETCHES!A1:C1 -> Fitz Roy Patagonia SL | F1: Points of Measure

Sheet 1ST PROTO
A1: =SKETCHES!A1:C1 -> Fitz Roy Patagonia SL | E1: 1ST PROTO
A3: Color Code: | B3: Yellow= measurement has been revised | D3: FIT MODEL:
B4: Bold red= measurement is out of tolerance | D4: DATE:
A5: Code | B5: POM Description | C5: TOL+/- | D5: one size | E5: 1ST PROTO ACTUAL | F5: DEVIANCE | G5: REVISED MSMNT | H5: COMMENTS
A6: ='GRADED SPEC'!A6 -> A | B6: Front Length (crown to edge) | C6: 0.5 | D6: 20
A7: ='GRADED SPEC'!A7 -> B | B7: Length at side (Crown to edge of flap) | C7: 0.5 | D7: 28
A8: ='GRADED SPEC'!A8 -> C | B8: Width at widest point | C8: 0.5 | D8: 28
A9: ='GRADED SPEC'!A9 -> D | B9: width at front | C9: 0.5 | D9: 11
A10: ='GRADED SPEC'!A10 -> E | B10: Width at back | C10: 0.5 | D10: 12
A11: ='GRADED SPEC'!A11 -> F | B11: Width of ear flaps | C11: 0.5 | D11: 9
A12: G | B12: Length of braids | C12: 1 | D12: 18
A13: I | B13: diametre of pom pom | C13: 0.5 | D13: 6
A14: ='GRADED SPEC'!A15 -> J | B14: Depth of trim on hat edge | C14: 0.3 | D14: 2
B16: ='GRADED SPEC'!B16 | C16: ='GRADED SPEC'!C16
B17: ='GRADED SPEC'!B17 | C17: ='GRADED SPEC'!C17
B18: ='GRADED SPEC'!B18 | C18: ='GRADED SPEC'!C18
B19: ='GRADED SPEC'!B19 | C19: ='GRADED SPEC'!C19
B20: ='GRADED SPEC'!B20 | C20: ='GRADED SPEC'!C20
B21: ='GRADED SPEC'!B21 | C21: ='GRADED SPEC'!C21
A22: COMMENTS
A23: FIT
A27: CONSTRUCTION
A31: DETAILS / WASH / TRIM
