Workbook
Name Season: #REF!
Name Print_SpinFrom: #REF!
Name Print_SpinFrom: #REF!
Name Print_SpinFrom: #REF!
Name Season: #REF!
Name JK_s_Col_Name: #REF!
Name Division: #REF!
Name JK_s_Col_Name: #REF!
Name Print_SpinFrom: #REF!
Name Division: #REF!
Name JK_s_Col_Name: #REF!
Name Season: #REF!
Name Season: #REF!
Name Season: #REF!
Name Print_RangeChange: #REF!
Name Division: #REF!
Name Print_RangeChange: #REF!
Name Print_SpinFrom: #REF!
Name JK_s_Col: #REF!
Name Division: #REF!
Name Print_RangeChange: #REF!
Name JK_s_Col: #REF!
Name JK_s_Col: #REF!
Name Print_RangeChange: #REF!
Name Print_RangeChange: #REF!
Name JK_s_Col: #REF!
Name JK_s_Col: #REF!
Name Division: #REF!
Name Print_SpinFrom: #REF!
Name JK_s_Col_Name: #REF!
Name Season: #REF!
Name JK_s_Col_Name: #REF!
Name JK_s_Col_Name: #REF!
Name Division: #REF!
Name Print_RangeChange: #REF!
Name JK_s_Col: #REF!

Sheet COVER
A1: Fitz Roy Patagonia SL | D1: COVER
A3: STYLE REFERENCE: | D3: CALENDAR:
A4: NAME: | B4: Poncho Andino | D4: ITEM | E4: IN-HOUSE | F4: Attention:
A5: SEASON: | B5: AW 25/26 | D5: Lab Dips | F5: =C9
A6: VENDOR: | D6: Knitdowns | F6: =C9
A7: COO: | D7: Protos | F7: =C9
A8: CREATED BY: | B8: Carolyn Chandler | D8: Swing tickets | F8: =C9
A9: DATE SENT: | B9: 45756 | D9: Sales Samples | F9: =C9
D10: Bulk Delivery Landed | F10: =C9
A11: FRONT SIDE BACK
A13: REVISIONS
A14: DATE | B14: NAME | C14: TAB | D14: DESCRIPTION

Sheet CALL OUTS
A1: =COVER!A1 -> Fitz Roy Patagonia SL | D1: Tech Sketches
A3: FLAT SKETCH
A10: CODE | B10: DESCRIPTION | F10: MEASUREMENT
A11: A
A12: B
A13: C

Sheet ARTWORK
A1: =COVER!A1 -> Fitz Roy Patagonia SL | D1: Tech Sketches
A3: ARTWORK PLACEMENT | D3: Please scroll down
A6: ARTWORK colour positions
A7: See separate pdf file for full size artwork
A8: NECKLINE
A10: DATE | B10: REVISION

Sheet LABELLING
A1: zz | D1: Labelling
A3: Branding
A4: Actual branding and labeling size TBC
A6: Care Label
A7: Care Label artwork TBC based on: Final composition Country of Origin Place of sale (i.e. EU or US regulations)
A8: REf | B8: DESCRIPTION | F8: MEASUREMENT

Sheet COLOURWAYS
A1: ='CALL OUTS'!A1:C1 -> Fitz Roy Patagonia SL | F1: COLOURWAYS
A3: Colourway 1 | D3: Colourway 2
C6: Yarn 1 | D6: Yarn 2 | E6: Yarn 3 | F6: Yarn 4
A7: Colourway 1 | B7: Colour | C7: Off white | D7: Red | E7: Mustard | F7: Brown
B8: Colour hex code | C8: f7ece0 | D8: af230d | E8: db933a | F8: 3a1e18
A9: Colour image
A10: Colourway 2 | B10: Colour | C10: Black | D10: Red | E10: Mustard | F10: Off white
B11: Colour hex code | C11: / | D11: af230d | E11: db933a | F11: f7ece0

Sheet BOM
A1: ='CALL OUTS'!A1:C1 -> Fitz Roy Patagonia SL | F1: BOM
F2: ='CALL OUTS'!E2
A3: YARNS
A4: TYPE | B4: SUPPLIER | C4: REF. # | D4: DESC. | E4: Yarn Count | F4: Composition | G4: Guage | H4: Ply | I4: Finishes | J4: Colour
A5: Yarn | B5: TBC based on Factory location and preferences | D5: Woolen blend yarn | E5: 2/14nm | F5: 50%Merino wool 50%Alpaca | G5: 7gg | H5: 2 | J5: Off white
A6: Yarn | D6: Woolen blend yarn | E6: 2/14nm | F6: 50%Merino wool 50%Alpaca | G6: 7gg | H6: 2 | J6: Red
A7: Yarn | D7: Woolen blend yarn | E7: 2/14nm | F7: 50%Merino wool 50%Alpaca | G7: 7gg | H7: 2 | J7: Mustard
A8: Yarn | D8: Woolen blend yarn | E8: 2/14nm | F8: 50%Merino wool 50%Alpaca | G8: 7gg | H8: 2 | J8: Brown
A9: TRIMS
A10: TYPE | B10: SUPPLIER | C10: REF. # | D10: DESC. | E10: SIZE | F10: PLACEMENT | I10: COLOUR | J10: IMAGE
A11: Button | B11: Totally Buttons https://www.totallybuttons.com/60mm-caramel-bark-effect-horn-2-hole-toggle-button.html | C11: H5071 | D11: Caramel Bark Effect Horn 2 Hole Toggle Button | E11: 60mm | F11: 2 placed at CF neck opening | I11: Natural horn
A12: Pom Pom | B12: Factory to make it. | C12: / | D12: Pom Pom made of self yarn, moderate density. | E12: 4cm | F12: 2- 1 at each end of the neck ties | I12: Mixed Red, Mustard, Brown,off-white self yarn
A13: Embroidery | B13: factory supplier | C13: tbc | D13: embroidery thread | E13: TBC | F13: At CB 2cm below the neck trim seam. | I13: DTM the body colour
A14: LABELS/HANGTAGS | I14: COLORWAYS
A15: TYPE | B15: SUPPLIER | C15: REF. # | D15: DESC. | E15: PLACEMENT | G15: QTY | H15: SIZE
A16: Brand Label | B16: Your nominated | D16: tbc | E16: Inside the garment, at the CB Neck. | G16: 1 | H16: TBC | I16: TBC
A17: Care Label | B17: Your nominated | D17: tbc | E17: At side seam, left side as worn. | G17: 1 | H17: TBC | I17: white label with black and red text
A18: Swing ticket ?

Sheet GRADED SPEC
A1: ='CALL OUTS'!A1:C1 -> Fitz Roy Patagonia SL | E1: GRADED SPEC
D3: cm
A4: Code (SEE MSMNT GUIDE) | B4: POM Description | C4: TOL+/- | D4: one size
A5: BODY
A6: A | B6: Length from HPS to CF/CB Point (excluding trim) | D6: 64
A7: B | B7: SNP to cuff at side seam (excluding trim) | D7: 56
A8: C | B8: Sweep (Hem width) | D8: 110
A9: D | B9: Length of tassle trim | D9: 12
A10: E | B10: Length of shaping at shoulder | D10: 10
A11: NECK
A12: F | B12: Back Neck width | D12: 22
A13: G | B13: Front neck drop (HPS to seam) | D13: 6.5
A14: H | B14: Back Neck drop (HPS to seam) | D14: 1.5
A15: I | B15: Depth of neck trim | D15: 3
A16: J | B16: Length of placket | D16: 16
A17: K | B17: Width of placket | D17: 1.5
A18: L | B18: Length of decorative neck tie | D18: 30
A19: M | B19: diametre of pompom | D19: 4
A20: N
A21: O
A22: P
A23: Q
A24: R
A25: S
A26: T
A27: U
A28: V

Sheet POINTS OF MEASURE
A1: ='CALL OUTS'!A1:C1 -> Fitz Roy Patagonia SL | F1: Points of Measure

Sheet 1ST PROTO
A1: ='CALL OUTS'!A1:C1 -> Fitz Roy Patagonia SL | E1: 1ST PROTO COMMENTS
A3: Color Code: | B3: Yellow= measurement has been revised | D3: FIT MODEL:
B4: Bold red= measurement is out of tolerance | D4: DATE:
A5: Code | B5: POM Description | C5: TOL+/- | D5: ONE SIZE | E5: 1ST PROTO ACTUAL | F5: DEVIANCE | G5: REVISED MSMNT | H5: COMMENTS
A6: ='GRADED SPEC'!A6 -> A | B6: ='GRADED SPEC'!B6 -> Length from HPS to CF/CB Point (excluding trim) | C6: 2
A7: ='GRADED SPEC'!A7 -> B | B7: ='GRADED SPEC'!B7 -> SNP to cuff at side seam (excluding trim) | C7: 2
A8: ='GRADED SPEC'!A8 -> C | B8: ='GRADED SPEC'!B8 -> Sweep (Hem width) | C8: 2
A9: ='GRADED SPEC'!A9 -> D | B9: ='GRADED SPEC'!B9 -> Length of tassle trim | C9: 1
A10: ='GRADED SPEC'!A10 -> E | B10: ='GRADED SPEC'!B10 -> Length of shaping at shoulder | C10: 1
A11: ='GRADED SPEC'!A12 -> F | B11: ='GRADED SPEC'!B12 -> Back Neck width | C11: 1
A12: ='GRADED SPEC'!A14 -> H | B12: ='GRADED SPEC'!B14 -> Back Neck drop (HPS to seam) | C12: 0.5
A13: ='GRADED SPEC'!A15 -> I | B13: ='GRADED SPEC'!B15 -> Depth of neck trim | C13: 0.3
A14: J | B14: Length of placket | C14: 0.5
A15: K | B15: Width of placket | C15: 0.3
A16: L | B16: Length of decorative neck tie | C16: 1
A17: M | B17: diametre of pompom | C17: 0.5
C18: ='GRADED SPEC'!C19
B19: ='GRADED SPEC'!B20 | C19: ='GRADED SPEC'!C20
B20: ='GRADED SPEC'!B21 | C20: ='GRADED SPEC'!C21
B21: ='GRADED SPEC'!B22 | C21: ='GRADED SPEC'!C22
A22: COMMENTS
A23: FIT
A27: CONSTRUCTION
A31: DETAILS / WASH / TRIM
